return_id,order_id
R-5000,OD-7
R-5001,OD-14
R-5002,OD-16
R-5003,OD-28
R-5004,OD-30
R-5005,OD-32
R-5006,OD-36
R-5007,OD-40
R-5008,OD-44
R-5009,OD-51
R-5010,OD-74
R-5011,OD-83
R-5012,OD-92
R-5013,OD-98
R-5014,OD-104
R-5015,OD-138
R-5016,OD-204
R-5017,OD-214
R-5018,OD-235
R-5019,OD-237
R-5020,OD-244
R-5021,OD-261
R-5022,OD-265
R-5023,OD-269
R-5024,OD-272
R-5025,OD-282
R-5026,OD-306
R-5027,OD-313
R-5028,OD-323
R-5029,OD-348
R-5030,OD-351
R-5031,OD-357
R-5032,OD-376
R-5033,OD-430
R-5034,OD-434
R-5035,OD-435
R-5036,OD-436
R-5037,OD-438
R-5038,OD-447
R-5039,OD-458
R-5040,OD-470
R-5041,OD-475
R-5042,OD-480
R-5043,OD-482
R-5044,OD-502
R-5045,OD-523
R-5046,OD-527
R-5047,OD-551
R-5048,OD-563
R-5049,OD-568
R-5050,OD-606
R-5051,OD-607
R-5052,OD-608
R-5053,OD-638
R-5054,OD-657
R-5055,OD-665
R-5056,OD-666
R-5057,OD-667
R-5058,OD-669
R-5059,OD-673
R-5060,OD-680
R-5061,OD-689
R-5062,OD-697
R-5063,OD-702
R-5064,OD-728
R-5065,OD-734
R-5066,OD-735
R-5067,OD-758
R-5068,OD-783
R-5069,OD-786
R-5070,OD-788
R-5071,OD-808
R-5072,OD-811
R-5073,OD-820
R-5074,OD-826
R-5075,OD-834
R-5076,OD-857
R-5077,OD-863
R-5078,OD-864
R-5079,OD-896
R-5080,OD-902
R-5081,OD-916
R-5082,OD-918
R-5083,OD-934
R-5084,OD-935
R-5085,OD-937
R-5086,OD-939
R-5087,OD-951
R-5088,OD-956
R-5089,OD-972
R-5090,OD-976
R-5091,OD-986
R-5092,OD-1012
R-5093,OD-1018
R-5094,OD-1030
R-5095,OD-1036
R-5096,OD-1050
R-5097,OD-1058
R-5098,OD-1063
R-5099,OD-1070
R-5100,OD-1087
R-5101,OD-1135
R-5102,OD-1147
R-5103,OD-1161
R-5104,OD-1166
R-5105,OD-1172
R-5106,OD-1178
R-5107,OD-1186
R-5108,OD-1217
R-5109,OD-1228
R-5110,OD-1236
R-5111,OD-1250
R-5112,OD-1303
R-5113,OD-1310
R-5114,OD-1314
R-5115,OD-1333
R-5116,OD-1353
R-5117,OD-1355
R-5118,OD-1391
R-5119,OD-1402
R-5120,OD-1405
R-5121,OD-1408
R-5122,OD-1418
R-5123,OD-1438
R-5124,OD-1448
R-5125,OD-1450
R-5126,OD-1457
R-5127,OD-1460
R-5128,OD-1468
R-5129,OD-1469
R-5130,OD-1479
R-5131,OD-1524
R-5132,OD-1527
R-5133,OD-1552
R-5134,OD-1570
R-5135,OD-1608
R-5136,OD-1672
R-5137,OD-1682
R-5138,OD-1684
R-5139,OD-1697
R-5140,OD-1701
R-5141,OD-1721
R-5142,OD-1756
R-5143,OD-1768
R-5144,OD-1779
R-5145,OD-1790
R-5146,OD-1804
R-5147,OD-1809
R-5148,OD-1812
R-5149,OD-1825
R-5150,OD-1851
R-5151,OD-1884
R-5152,OD-1890
R-5153,OD-1902
R-5154,OD-1911
R-5155,OD-1946
R-5156,OD-1947
R-5157,OD-1966
R-5158,OD-1970
R-5159,OD-1989
R-5160,OD-1996
R-5161,OD-2003
R-5162,OD-2023
R-5163,OD-2024
R-5164,OD-2028
R-5165,OD-2043
R-5166,OD-2044
R-5167,OD-2047
R-5168,OD-2048
R-5169,OD-2049
R-5170,OD-2053
R-5171,OD-2073
R-5172,OD-2074
R-5173,OD-2082
R-5174,OD-2096
R-5175,OD-2098
R-5176,OD-2106
R-5177,OD-2123
R-5178,OD-2126
R-5179,OD-2128
R-5180,OD-2131
R-5181,OD-2144
R-5182,OD-2150
R-5183,OD-2151
R-5184,OD-2161
R-5185,OD-2168
R-5186,OD-2174
R-5187,OD-2199
R-5188,OD-2204
R-5189,OD-2217
R-5190,OD-2227
R-5191,OD-2231
R-5192,OD-2233
R-5193,OD-2250
R-5194,OD-2251
R-5195,OD-2252
R-5196,OD-2263
R-5197,OD-2265
R-5198,OD-2266
R-5199,OD-2267
R-5200,OD-2274
R-5201,OD-2277
R-5202,OD-2278
R-5203,OD-2280
R-5204,OD-2290
R-5205,OD-2301
R-5206,OD-2304
R-5207,OD-2310
R-5208,OD-2316
R-5209,OD-2320
R-5210,OD-2332
R-5211,OD-2359
R-5212,OD-2360
R-5213,OD-2365
R-5214,OD-2397
R-5215,OD-2408
R-5216,OD-2416
R-5217,OD-2419
R-5218,OD-2428
R-5219,OD-2433
R-5220,OD-2434
R-5221,OD-2440
R-5222,OD-2450
R-5223,OD-2454
R-5224,OD-2455
R-5225,OD-2465
R-5226,OD-2479
R-5227,OD-2484
R-5228,OD-2493
R-5229,OD-2498
R-5230,OD-2516
R-5231,OD-2521
R-5232,OD-2530
R-5233,OD-2531
R-5234,OD-2533
R-5235,OD-2553
R-5236,OD-2555
R-5237,OD-2556
R-5238,OD-2580
R-5239,OD-2583
R-5240,OD-2591
R-5241,OD-2610
R-5242,OD-2615
R-5243,OD-2626
R-5244,OD-2629
R-5245,OD-2630
R-5246,OD-2637
R-5247,OD-2644
R-5248,OD-2647
R-5249,OD-2648
R-5250,OD-2653
R-5251,OD-2658
R-5252,OD-2659
R-5253,OD-2677
R-5254,OD-2697
R-5255,OD-2700
R-5256,OD-2702
R-5257,OD-2725
R-5258,OD-2726
R-5259,OD-2739
R-5260,OD-2742
R-5261,OD-2750
R-5262,OD-2759
R-5263,OD-2761
R-5264,OD-2765
R-5265,OD-2776
R-5266,OD-2789
R-5267,OD-2806
R-5268,OD-2813
R-5269,OD-2827
R-5270,OD-2833
R-5271,OD-2840
R-5272,OD-2869
R-5273,OD-2872
R-5274,OD-2874
R-5275,OD-2881
R-5276,OD-2891
R-5277,OD-2906
R-5278,OD-2917
R-5279,OD-2918
R-5280,OD-2931
R-5281,OD-2937
R-5282,OD-2948
R-5283,OD-2970
R-5284,OD-2978
R-5285,OD-2994
R-5286,OD-2996
R-5287,OD-2999
R-5288,OD-3010
R-5289,OD-3031
R-5290,OD-3037
R-5291,OD-3058
R-5292,OD-3059
R-5293,OD-3072
R-5294,OD-3073
R-5295,OD-3083
R-5296,OD-3097
R-5297,OD-3102
R-5298,OD-3110
R-5299,OD-3121
R-5300,OD-3138
R-5301,OD-3143
R-5302,OD-3147
R-5303,OD-3161
R-5304,OD-3162
R-5305,OD-3167
R-5306,OD-3173
R-5307,OD-3177
R-5308,OD-3196
R-5309,OD-3210
R-5310,OD-3228
R-5311,OD-3246
R-5312,OD-3261
R-5313,OD-3277
R-5314,OD-3292
R-5315,OD-3293
R-5316,OD-3303
R-5317,OD-3320
R-5318,OD-3354
R-5319,OD-3374
R-5320,OD-3377
R-5321,OD-3379
R-5322,OD-3392
R-5323,OD-3395
R-5324,OD-3397
R-5325,OD-3399
R-5326,OD-3401
R-5327,OD-3408
R-5328,OD-3421
R-5329,OD-3431
R-5330,OD-3449
R-5331,OD-3463
R-5332,OD-3465
R-5333,OD-3469
R-5334,OD-3472
R-5335,OD-3479
R-5336,OD-3495
R-5337,OD-3502
R-5338,OD-3504
R-5339,OD-3533
R-5340,OD-3540
R-5341,OD-3546
R-5342,OD-3550
R-5343,OD-3558
R-5344,OD-3572
R-5345,OD-3581
R-5346,OD-3591
R-5347,OD-3606
R-5348,OD-3608
R-5349,OD-3609
R-5350,OD-3613
R-5351,OD-3614
R-5352,OD-3629
R-5353,OD-3636
R-5354,OD-3637
R-5355,OD-3648
R-5356,OD-3675
R-5357,OD-3692
R-5358,OD-3693
R-5359,OD-3695
R-5360,OD-3706
R-5361,OD-3720
R-5362,OD-3723
R-5363,OD-3735
R-5364,OD-3741
R-5365,OD-3743
R-5366,OD-3750
R-5367,OD-3755
R-5368,OD-3760
R-5369,OD-3778
R-5370,OD-3784
R-5371,OD-3785
R-5372,OD-3789
R-5373,OD-3804
R-5374,OD-3821
R-5375,OD-3836
R-5376,OD-3840
R-5377,OD-3842
R-5378,OD-3844
R-5379,OD-3846
R-5380,OD-3848
R-5381,OD-3852
R-5382,OD-3853
R-5383,OD-3854
R-5384,OD-3868
R-5385,OD-3870
R-5386,OD-3871
R-5387,OD-3876
R-5388,OD-3883
R-5389,OD-3889
R-5390,OD-3954
R-5391,OD-3960
R-5392,OD-3978
R-5393,OD-4009
R-5394,OD-4028
R-5395,OD-4070
R-5396,OD-4073
R-5397,OD-4086
R-5398,OD-4090
R-5399,OD-4109
R-5400,OD-4121
R-5401,OD-4124
R-5402,OD-4147
R-5403,OD-4154
R-5404,OD-4155
R-5405,OD-4156
R-5406,OD-4166
R-5407,OD-4171
R-5408,OD-4177
R-5409,OD-4178
R-5410,OD-4208
R-5411,OD-4217
R-5412,OD-4229
R-5413,OD-4232
R-5414,OD-4234
R-5415,OD-4239
R-5416,OD-4241
R-5417,OD-4242
R-5418,OD-4243
R-5419,OD-4245
R-5420,OD-4254
R-5421,OD-4260
R-5422,OD-4276
R-5423,OD-4309
R-5424,OD-4310
R-5425,OD-4311
R-5426,OD-4315
R-5427,OD-4317
R-5428,OD-4322
R-5429,OD-4330
R-5430,OD-4367
R-5431,OD-4370
R-5432,OD-4387
R-5433,OD-4408
R-5434,OD-4428
R-5435,OD-4432
R-5436,OD-4464
R-5437,OD-4474
R-5438,OD-4483
R-5439,OD-4485
R-5440,OD-4494
R-5441,OD-4501
R-5442,OD-4511
R-5443,OD-4519
R-5444,OD-4521
R-5445,OD-4525
R-5446,OD-4532
R-5447,OD-4537
R-5448,OD-4541
R-5449,OD-4542
R-5450,OD-4546
R-5451,OD-4548
R-5452,OD-4552
R-5453,OD-4570
R-5454,OD-4589
R-5455,OD-4597
R-5456,OD-4609
R-5457,OD-4611
R-5458,OD-4625
R-5459,OD-4627
R-5460,OD-4630
R-5461,OD-4631
R-5462,OD-4640
R-5463,OD-4655
R-5464,OD-4658
R-5465,OD-4662
R-5466,OD-4666
R-5467,OD-4684
R-5468,OD-4688
R-5469,OD-4692
R-5470,OD-4733
R-5471,OD-4734
R-5472,OD-4748
R-5473,OD-4749
R-5474,OD-4758
R-5475,OD-4779
R-5476,OD-4782
R-5477,OD-4786
R-5478,OD-4790
R-5479,OD-4797
R-5480,OD-4813
R-5481,OD-4817
R-5482,OD-4839
R-5483,OD-4845
R-5484,OD-4847
R-5485,OD-4849
R-5486,OD-4851
R-5487,OD-4854
R-5488,OD-4858
R-5489,OD-4861
R-5490,OD-4862
R-5491,OD-4871
R-5492,OD-4875
R-5493,OD-4879
R-5494,OD-4895
R-5495,OD-4897
R-5496,OD-4906
R-5497,OD-4920
R-5498,OD-4922
R-5499,OD-4954
R-5500,OD-4966
R-5501,OD-4967
R-5502,OD-4968
R-5503,OD-4981
R-5504,OD-4984
R-5505,OD-4990
R-5506,OD-4999
R-5507,OD-5000
R-5508,OD-5011
R-5509,OD-5034
R-5510,OD-5063
R-5511,OD-5065
R-5512,OD-5067
R-5513,OD-5073
R-5514,OD-5077
R-5515,OD-5078
R-5516,OD-5085
R-5517,OD-5101
R-5518,OD-5106
R-5519,OD-5108
R-5520,OD-5111
R-5521,OD-5122
R-5522,OD-5128
R-5523,OD-5129
R-5524,OD-5141
R-5525,OD-5143
R-5526,OD-5161
R-5527,OD-5163
R-5528,OD-5189
R-5529,OD-5212
R-5530,OD-5216
R-5531,OD-5218
R-5532,OD-5221
R-5533,OD-5222
R-5534,OD-5242
R-5535,OD-5248
R-5536,OD-5254
R-5537,OD-5274
R-5538,OD-5275
R-5539,OD-5289
R-5540,OD-5297
R-5541,OD-5298
R-5542,OD-5317
R-5543,OD-5340
R-5544,OD-5347
R-5545,OD-5350
R-5546,OD-5351
R-5547,OD-5362
R-5548,OD-5369
R-5549,OD-5389
R-5550,OD-5391
R-5551,OD-5396
R-5552,OD-5402
R-5553,OD-5422
R-5554,OD-5432
R-5555,OD-5437
R-5556,OD-5438
R-5557,OD-5447
R-5558,OD-5455
R-5559,OD-5474
R-5560,OD-5483
R-5561,OD-5489
R-5562,OD-5494
R-5563,OD-5495
R-5564,OD-5497
R-5565,OD-5500
R-5566,OD-5508
R-5567,OD-5509
R-5568,OD-5523
R-5569,OD-5527
R-5570,OD-5530
R-5571,OD-5542
R-5572,OD-5554
R-5573,OD-5579
R-5574,OD-5580
R-5575,OD-5582
R-5576,OD-5599
R-5577,OD-5600
R-5578,OD-5601
R-5579,OD-5619
R-5580,OD-5630
R-5581,OD-5652
R-5582,OD-5658
R-5583,OD-5663
R-5584,OD-5666
R-5585,OD-5678
R-5586,OD-5693
R-5587,OD-5718
R-5588,OD-5720
R-5589,OD-5724
R-5590,OD-5727
R-5591,OD-5733
R-5592,OD-5736
R-5593,OD-5743
R-5594,OD-5752
R-5595,OD-5754
R-5596,OD-5766
R-5597,OD-5783
R-5598,OD-5788
R-5599,OD-5790
R-5600,OD-5794
R-5601,OD-5806
R-5602,OD-5824
R-5603,OD-5825
R-5604,OD-5829
R-5605,OD-5831
R-5606,OD-5844
R-5607,OD-5846
R-5608,OD-5851
R-5609,OD-5852
R-5610,OD-5878
R-5611,OD-5886
R-5612,OD-5910
R-5613,OD-5915
R-5614,OD-5937
R-5615,OD-5940
R-5616,OD-5946
R-5617,OD-5947
R-5618,OD-5958
R-5619,OD-5959
R-5620,OD-5963
R-5621,OD-5964
R-5622,OD-5983
R-5623,OD-5992
R-5624,OD-5999
R-5625,OD-6005
R-5626,OD-6014
R-5627,OD-6029
R-5628,OD-6043
R-5629,OD-6060
R-5630,OD-6098
R-5631,OD-6115
R-5632,OD-6116
R-5633,OD-6118
R-5634,OD-6133
R-5635,OD-6136
R-5636,OD-6137
R-5637,OD-6154
R-5638,OD-6159
R-5639,OD-6169
R-5640,OD-6198
R-5641,OD-6200
R-5642,OD-6231
R-5643,OD-6237
R-5644,OD-6240
R-5645,OD-6244
R-5646,OD-6254
R-5647,OD-6255
R-5648,OD-6262
R-5649,OD-6270
R-5650,OD-6273
R-5651,OD-6274
R-5652,OD-6275
R-5653,OD-6292
R-5654,OD-6297
R-5655,OD-6308
R-5656,OD-6310
R-5657,OD-6321
R-5658,OD-6325
R-5659,OD-6333
R-5660,OD-6334
R-5661,OD-6340
R-5662,OD-6345
R-5663,OD-6350
R-5664,OD-6360
R-5665,OD-6384
R-5666,OD-6385
R-5667,OD-6413
R-5668,OD-6415
R-5669,OD-6431
R-5670,OD-6435
R-5671,OD-6438
R-5672,OD-6461
R-5673,
R-5674,
R-5675,
R-5676,
R-5677,
R-5678,
R-5679,
R-5680,
R-5681,
R-5682,
R-5683,
R-5684,
R-5685,
R-5686,
R-5687,
R-5688,
R-5689,
R-5690,
R-5691,
R-5692,
R-5693,
R-5694,
R-5695,
R-5696,OD-6683
R-5697,OD-6685
R-5698,OD-6694
R-5699,OD-6710
R-5700,OD-6718
R-5701,OD-6742
R-5702,OD-6746
R-5703,OD-6767
R-5704,OD-6768
R-5705,OD-6769
R-5706,OD-6784
R-5707,OD-6791
R-5708,OD-6805
R-5709,OD-6823
R-5710,OD-6846
R-5711,OD-6847
R-5712,OD-6860
R-5713,OD-6867
R-5714,OD-6869
R-5715,OD-6887
R-5716,OD-6899
R-5717,OD-6911
R-5718,OD-6919
R-5719,OD-6921
R-5720,OD-6933
R-5721,OD-6940
R-5722,OD-6941
R-5723,OD-6959
R-5724,OD-6975
R-5725,OD-6989
R-5726,OD-6990
R-5727,OD-6994
R-5728,OD-7011
R-5729,OD-7020
R-5730,OD-7021
R-5731,OD-7022
R-5732,OD-7059
R-5733,OD-7065
R-5734,OD-7070
R-5735,OD-7079
R-5736,OD-7092
R-5737,OD-7096
R-5738,OD-7097
R-5739,OD-7102
R-5740,OD-7105
R-5741,OD-7108
R-5742,OD-7114
R-5743,OD-7149
R-5744,OD-7163
R-5745,OD-7166
R-5746,OD-7168
R-5747,OD-7174
R-5748,OD-7177
R-5749,OD-7189
R-5750,OD-7191
R-5751,OD-7195
R-5752,OD-7205
R-5753,OD-7218
R-5754,OD-7226
R-5755,OD-7239
R-5756,OD-7245
R-5757,OD-7246
R-5758,OD-7254
R-5759,OD-7265
R-5760,OD-7268
R-5761,OD-7271
R-5762,OD-7286
R-5763,OD-7294
R-5764,OD-7295
R-5765,OD-7297
R-5766,OD-7302
R-5767,OD-7307
R-5768,OD-7312
R-5769,OD-7314
R-5770,OD-7323
R-5771,OD-7327
R-5772,OD-7335
R-5773,OD-7338
R-5774,OD-7342
R-5775,OD-7368
R-5776,OD-7377
R-5777,OD-7395
R-5778,OD-7410
R-5779,OD-7411
R-5780,OD-7414
R-5781,OD-7426
R-5782,OD-7431
R-5783,OD-7432
R-5784,OD-7433
R-5785,OD-7435
R-5786,OD-7438
R-5787,OD-7466
R-5788,OD-7470
R-5789,OD-7476
R-5790,OD-7482
R-5791,OD-7492
R-5792,OD-7499
R-5793,OD-7505
R-5794,OD-7514
R-5795,OD-7517
R-5796,OD-7536
R-5797,OD-7552
R-5798,OD-7563
R-5799,OD-7564
R-5800,OD-7569
R-5801,OD-7580
R-5802,OD-7597
R-5803,OD-7615
R-5804,OD-10044
R-5805,OD-10100
R-5806,OD-10196
R-5807,OD-10273
R-5808,OD-10289
R-5809,OD-10328
R-5810,OD-10369
R-5811,OD-10469
R-5812,OD-10528
R-5813,OD-10543
R-5814,OD-10583
R-5815,OD-10594
R-5816,OD-10624
R-5817,OD-10658
R-5818,OD-10682
R-5819,OD-10697
R-5820,OD-10704
R-5821,OD-10733
R-5822,OD-10734
R-5823,OD-10761
R-5824,OD-10845
R-5825,OD-10867
R-5826,OD-10911
R-5827,OD-10927
R-5828,OD-10931
R-5829,OD-10951
R-5830,OD-11011
R-5831,OD-11033
R-5832,OD-11067
R-5833,OD-11068
R-5834,OD-11089
R-5835,OD-11098
R-5836,OD-11120
R-5837,OD-11144
R-5838,OD-11151
R-5839,OD-11160
R-5840,OD-11168
R-5841,OD-11170
R-5842,OD-11222
R-5843,OD-11244
R-5844,OD-11285
R-5845,OD-11308
R-5846,OD-11360
R-5847,OD-11390
R-5848,OD-11438
R-5849,OD-11490
R-5850,OD-11522
R-5851,OD-11574
R-5852,OD-11627
R-5853,OD-11631
R-5854,OD-11632
R-5855,OD-11660
R-5856,OD-11675
R-5857,OD-11704
R-5858,OD-11709
R-5859,OD-11725
R-5860,OD-11780
R-5861,OD-11801
R-5862,OD-11829
R-5863,OD-11864
R-5864,OD-11877
R-5865,OD-11884
R-5866,OD-11947
R-5867,OD-11959
R-5868,OD-11972
R-5869,OD-12045
R-5870,OD-12079
R-5871,OD-12133
R-5872,OD-12142
R-5873,OD-12152
R-5874,OD-12184
R-5875,OD-12196
R-5876,OD-12216
R-5877,OD-12266
R-5878,OD-12268
R-5879,OD-12273
R-5880,OD-12277
R-5881,OD-12278
R-5882,OD-12340
R-5883,OD-12347
R-5884,OD-12489
R-5885,OD-12493
R-5886,OD-12504
R-5887,OD-12513
R-5888,OD-12542
R-5889,OD-12601
R-5890,OD-12652
R-5891,OD-12656
R-5892,OD-12657
R-5893,OD-12694
R-5894,OD-12717
R-5895,OD-12739
R-5896,OD-12748
R-5897,OD-12751
R-5898,OD-12770
R-5899,OD-12775
R-5900,OD-12781
R-5901,OD-12789
R-5902,OD-12797
R-5903,OD-12798
R-5904,OD-12831
R-5905,OD-12853
R-5906,OD-12856
R-5907,OD-12868
R-5908,OD-12909
R-5909,OD-12936
R-5910,OD-12991
R-5911,OD-13040
R-5912,OD-13060
R-5913,OD-13089
R-5914,OD-13125
R-5915,OD-13183
R-5916,OD-13204
R-5917,OD-13237
R-5918,OD-13247
R-5919,OD-13261
R-5920,OD-13263
R-5921,OD-13272
R-5922,OD-13290
R-5923,OD-13297
R-5924,OD-13321
R-5925,OD-13378
R-5926,OD-13390
R-5927,OD-13483
R-5928,OD-13494
R-5929,OD-13497
R-5930,OD-13505
R-5931,OD-13517
R-5932,OD-13558
R-5933,OD-13581
R-5934,OD-13668
R-5935,OD-13677
R-5936,OD-13679
R-5937,OD-13681
R-5938,OD-13686
R-5939,OD-13706
R-5940,OD-13731
R-5941,OD-13734
R-5942,OD-13741
R-5943,OD-13749
R-5944,OD-13761
R-5945,OD-13765
R-5946,OD-13797
R-5947,OD-13800
R-5948,OD-13821
R-5949,OD-13828
R-5950,OD-13841
R-5951,OD-13843
R-5952,OD-13844
R-5953,OD-13922
R-5954,OD-13931
R-5955,OD-13935
R-5956,OD-13960
R-5957,OD-13988
R-5958,OD-13994
R-5959,OD-14007
R-5960,OD-14015
R-5961,OD-14126
R-5962,OD-14146
R-5963,OD-14159
R-5964,OD-14183
R-5965,OD-14185
R-5966,OD-14193
R-5967,OD-14213
R-5968,OD-14227
R-5969,OD-14237
R-5970,OD-14242
R-5971,OD-14252
R-5972,OD-14287
R-5973,OD-14316
R-5974,OD-14352
R-5975,OD-14370
R-5976,OD-14395
R-5977,OD-14403
R-5978,OD-14405
R-5979,OD-14426
R-5980,OD-14446
R-5981,OD-14467
R-5982,OD-14468
R-5983,OD-14479
R-5984,OD-14556
R-5985,OD-14562
R-5986,OD-14572
R-5987,OD-14587
R-5988,OD-14589
R-5989,OD-14592
R-5990,OD-14630
R-5991,OD-14660
R-5992,OD-14674
R-5993,OD-14675
R-5994,OD-14710
R-5995,OD-14713
R-5996,OD-14754
R-5997,OD-14852
R-5998,OD-14857
R-5999,OD-14862
R-6000,OD-14866
R-6001,OD-14876
R-6002,OD-14894
R-6003,OD-14904
R-6004,OD-14916
R-6005,OD-14948
R-6006,OD-14964
R-6007,OD-14970
R-6008,OD-15008
R-6009,OD-15015
R-6010,OD-15020
R-6011,OD-15022
R-6012,OD-15026
R-6013,OD-15030
R-6014,OD-15032
R-6015,OD-15035
R-6016,OD-15039
R-6017,OD-15044
R-6018,OD-15048
R-6019,OD-15053
R-6020,OD-15056
R-6021,OD-15060
R-6022,OD-15065
R-6023,OD-15073
R-6024,OD-15077
R-6025,OD-15078
R-6026,OD-15082
R-6027,OD-15084
R-6028,OD-15087
R-6029,OD-15102
R-6030,OD-15103
R-6031,OD-15106
R-6032,OD-15108
R-6033,OD-15112
R-6034,OD-15114
R-6035,OD-15116
R-6036,OD-15119
R-6037,OD-15122
R-6038,OD-15125
R-6039,OD-15134
R-6040,OD-15135
R-6041,OD-15136
R-6042,OD-15140
R-6043,OD-15141
R-6044,OD-15144
R-6045,OD-15148
R-6046,OD-15149
R-6047,OD-15150
R-6048,OD-15155
R-6049,OD-15159
R-6050,OD-15160
R-6051,OD-15162
R-6052,OD-15164
R-6053,OD-15165
R-6054,OD-15172
R-6055,OD-15173
R-6056,OD-15175
R-6057,OD-15176
R-6058,OD-15185
R-6059,OD-15204
R-6060,OD-15206
R-6061,OD-15215
R-6062,OD-15217
R-6063,OD-15219
R-6064,OD-15222
R-6065,OD-15223
R-6066,OD-15224
R-6067,OD-15226
R-6068,OD-15229
R-6069,OD-15242
R-6070,OD-15246
R-6071,OD-15247
R-6072,OD-15253
R-6073,OD-15255
R-6074,OD-15261
R-6075,OD-15266
R-6076,OD-15267
R-6077,OD-15270
R-6078,OD-15271
R-6079,OD-15281
R-6080,OD-15282
R-6081,OD-15286
R-6082,OD-15288
R-6083,OD-15290
R-6084,OD-15292
R-6085,OD-15294
R-6086,OD-15295
R-6087,OD-15300
R-6088,OD-15304
R-6089,OD-15305
R-6090,OD-15306
R-6091,OD-15309
R-6092,OD-15312
R-6093,OD-15313
R-6094,OD-15314
R-6095,OD-15315
R-6096,OD-15323
R-6097,OD-15324
R-6098,OD-15326
R-6099,OD-15330
R-6100,OD-15339
R-6101,OD-15340
R-6102,OD-15358
R-6103,OD-15362
R-6104,OD-15370
R-6105,OD-15372
R-6106,OD-15374
R-6107,OD-15378
R-6108,OD-15379
R-6109,OD-15382
R-6110,OD-15386
R-6111,OD-15388
R-6112,OD-15390
R-6113,OD-15393
R-6114,OD-15394
R-6115,OD-15398
R-6116,OD-15399
R-6117,OD-15401
R-6118,OD-15410
R-6119,OD-15417
R-6120,OD-15420
R-6121,OD-15422
R-6122,OD-15428
R-6123,OD-15429
R-6124,OD-15432
R-6125,OD-15433
R-6126,OD-15438
R-6127,OD-15443
R-6128,OD-15446
R-6129,OD-15447
R-6130,OD-15448
R-6131,OD-15450
R-6132,OD-15452
R-6133,OD-15455
R-6134,OD-15459
R-6135,OD-15464
R-6136,OD-15465
R-6137,OD-15471
R-6138,OD-15472
R-6139,OD-15475
R-6140,OD-15481
R-6141,OD-15488
R-6142,OD-15489
R-6143,OD-15490
R-6144,OD-15493
R-6145,OD-15494
R-6146,OD-15507
R-6147,OD-15508
R-6148,OD-15513
R-6149,OD-15514
R-6150,OD-15515
R-6151,OD-15516
R-6152,OD-15517
R-6153,OD-15524
R-6154,OD-15525
R-6155,OD-15530
R-6156,OD-15535
R-6157,OD-15537
R-6158,OD-15540
R-6159,OD-15547
R-6160,OD-15549
R-6161,OD-15552
R-6162,OD-15553
R-6163,OD-15556
R-6164,OD-15562
R-6165,OD-15565
R-6166,OD-15568
R-6167,OD-15569
R-6168,OD-15571
R-6169,OD-15574
R-6170,OD-15577
R-6171,OD-15578
R-6172,OD-15580
R-6173,OD-15582
R-6174,OD-15583
R-6175,OD-15584
R-6176,OD-15588
R-6177,OD-15594
R-6178,OD-15597
R-6179,OD-15599
R-6180,OD-15605
R-6181,OD-15615
R-6182,OD-15619
R-6183,OD-15625
R-6184,OD-15638
R-6185,OD-15640
R-6186,OD-15641
R-6187,OD-15644
R-6188,OD-15646
R-6189,OD-15648
R-6190,OD-15649
R-6191,OD-15654
R-6192,OD-15657
R-6193,OD-15664
R-6194,OD-15674
R-6195,OD-15678
R-6196,OD-15682
R-6197,OD-15684
R-6198,OD-15686
R-6199,OD-15689
R-6200,OD-15691
R-6201,OD-15694
R-6202,OD-15696
R-6203,OD-15699
R-6204,OD-15700
R-6205,OD-15701
R-6206,OD-15702
R-6207,OD-15704
R-6208,OD-15707
R-6209,OD-15708
R-6210,OD-15713
R-6211,OD-15714
R-6212,OD-15716
R-6213,OD-15719
R-6214,OD-15724
R-6215,OD-15725
R-6216,OD-15728
R-6217,OD-15731
R-6218,OD-15735
R-6219,OD-15740
R-6220,OD-15741
R-6221,OD-15745
R-6222,OD-15746
R-6223,OD-15750
R-6224,OD-15751
R-6225,OD-15752
R-6226,OD-15756
R-6227,OD-15757
R-6228,OD-15764
R-6229,OD-15766
R-6230,OD-15769
R-6231,OD-15777
R-6232,OD-15781
R-6233,OD-15785
R-6234,OD-15786
R-6235,OD-15788
R-6236,OD-15789
R-6237,OD-15794
R-6238,OD-15795
R-6239,OD-15799
R-6240,OD-15807
R-6241,OD-15808
R-6242,OD-15809
R-6243,OD-15811
R-6244,OD-15813
R-6245,OD-15828
R-6246,OD-15830
R-6247,OD-15833
R-6248,OD-15834
R-6249,OD-15849
R-6250,OD-15852
R-6251,OD-15855
R-6252,OD-15856
R-6253,OD-15857
R-6254,OD-15858
R-6255,OD-15859
R-6256,OD-15860
R-6257,OD-15861
R-6258,OD-15866
R-6259,OD-15869
R-6260,OD-15875
R-6261,OD-15877
R-6262,OD-15880
R-6263,OD-15885
R-6264,OD-15886
R-6265,OD-15891
R-6266,OD-15897
R-6267,OD-15898
R-6268,OD-15899
R-6269,OD-15901
R-6270,OD-15906
R-6271,OD-15907
R-6272,OD-15909
R-6273,OD-15914
R-6274,OD-15916
R-6275,OD-15918
R-6276,OD-15919
R-6277,OD-15923
R-6278,OD-15926
R-6279,OD-15928
R-6280,OD-15931
R-6281,OD-15932
R-6282,OD-15933
R-6283,OD-15939
R-6284,OD-15942
R-6285,OD-15943
R-6286,OD-15945
R-6287,OD-15947
R-6288,OD-15948
R-6289,OD-15951
R-6290,OD-15953
R-6291,OD-15958
R-6292,OD-15962
R-6293,OD-15964
R-6294,OD-15965
R-6295,OD-15981
R-6296,OD-15982
R-6297,OD-15983
R-6298,OD-15986
R-6299,OD-15987
R-6300,OD-15992
R-6301,OD-15994
R-6302,OD-15998
R-6303,OD-16002
R-6304,OD-16003
R-6305,OD-16015
R-6306,OD-16020
R-6307,OD-16022
R-6308,OD-16028
R-6309,OD-16033
R-6310,OD-16034
R-6311,OD-16040
R-6312,OD-16043
R-6313,OD-16045
R-6314,OD-16046
R-6315,OD-16051
R-6316,OD-16052
R-6317,OD-16056
R-6318,OD-16057
R-6319,OD-16061
R-6320,OD-16063
R-6321,OD-16065
R-6322,OD-16070
R-6323,OD-16071
R-6324,OD-16072
R-6325,OD-16075
R-6326,OD-16077
R-6327,OD-16080
R-6328,OD-16082
R-6329,OD-16087
R-6330,OD-16090
R-6331,OD-16093
R-6332,OD-16096
R-6333,OD-16103
R-6334,OD-16104
R-6335,OD-16108
R-6336,OD-16113
R-6337,OD-16114
R-6338,OD-16125
R-6339,OD-16136
R-6340,OD-16139
R-6341,OD-16140
R-6342,OD-16142
R-6343,OD-16144
R-6344,OD-16145
R-6345,OD-16151
R-6346,OD-16156
R-6347,OD-16157
R-6348,OD-16158
R-6349,OD-16159
R-6350,OD-16164
R-6351,OD-16166
R-6352,OD-16167
R-6353,OD-16168
R-6354,OD-16169
R-6355,OD-16170
R-6356,OD-16180
R-6357,OD-16181
R-6358,OD-16183
R-6359,OD-16185
R-6360,OD-16197
R-6361,OD-16198
R-6362,OD-16201
R-6363,OD-16205
R-6364,OD-16213
R-6365,OD-16215
R-6366,OD-16221
R-6367,OD-16230
R-6368,OD-16231
R-6369,OD-16234
R-6370,OD-16243
R-6371,OD-16244
R-6372,OD-16254
R-6373,OD-16258
R-6374,OD-16260
R-6375,OD-16261
R-6376,OD-16269
R-6377,OD-16271
R-6378,OD-16278
R-6379,OD-16279
R-6380,OD-16291
R-6381,OD-16293
R-6382,OD-16297
R-6383,OD-16298
R-6384,OD-16299
R-6385,OD-16303
R-6386,OD-16305
R-6387,OD-16307
R-6388,OD-16310
R-6389,OD-16313
R-6390,OD-16318
R-6391,OD-16323
R-6392,OD-16324
R-6393,OD-16327
R-6394,OD-16328
R-6395,OD-16332
R-6396,OD-16337
R-6397,OD-16339
R-6398,OD-16345
R-6399,OD-16347
R-6400,OD-16349
R-6401,OD-16356
R-6402,OD-16359
R-6403,OD-16362
R-6404,OD-16365
R-6405,OD-16374
R-6406,OD-16375
R-6407,OD-16377
R-6408,OD-16380
R-6409,OD-16381
R-6410,OD-16391
R-6411,OD-16393
R-6412,OD-16399
R-6413,OD-16404
R-6414,OD-16406
R-6415,OD-16409
R-6416,OD-16416
R-6417,OD-16423
R-6418,OD-16424
R-6419,OD-16425
R-6420,OD-16426
R-6421,OD-16428
R-6422,OD-16434
R-6423,OD-16438
R-6424,OD-16443
R-6425,OD-16445
R-6426,OD-16454
R-6427,OD-16456
R-6428,OD-16458
R-6429,OD-16464
R-6430,OD-16465
R-6431,OD-16466
R-6432,OD-16468
R-6433,OD-16469
R-6434,OD-16476
R-6435,OD-16478
R-6436,OD-16479
R-6437,OD-16484
R-6438,OD-16488
R-6439,OD-16489
R-6440,OD-16495
R-6441,OD-16497
R-6442,OD-16502
R-6443,OD-16504
R-6444,OD-16515
R-6445,OD-16516
R-6446,OD-16517
R-6447,OD-16519
R-6448,OD-16520
R-6449,OD-16521
R-6450,OD-16523
R-6451,OD-16529
R-6452,OD-16530
R-6453,OD-16532
R-6454,OD-16533
R-6455,OD-16535
R-6456,OD-16544
R-6457,OD-16545
R-6458,OD-16547
R-6459,OD-16552
R-6460,OD-16555
R-6461,OD-16560
R-6462,OD-16561
R-6463,OD-16563
R-6464,OD-16568
R-6465,OD-16571
R-6466,OD-16575
R-6467,OD-16580
R-6468,OD-16581
R-6469,OD-16585
R-6470,OD-16591
R-6471,OD-16592
R-6472,OD-16598
R-6473,OD-16602
R-6474,OD-16606
R-6475,OD-16615
R-6476,OD-16619
R-6477,OD-16621
R-6478,OD-16622
R-6479,OD-16626
R-6480,OD-16627
R-6481,OD-16628
R-6482,OD-16636
R-6483,OD-16639
R-6484,OD-16643
R-6485,OD-16645
R-6486,OD-16649
R-6487,OD-16650
R-6488,OD-16651
R-6489,OD-16654
R-6490,OD-16655
R-6491,OD-16656
R-6492,OD-16659
R-6493,OD-16665
R-6494,OD-16679
R-6495,OD-16680
R-6496,OD-16681
R-6497,OD-16682
R-6498,OD-16683
R-6499,OD-16685
R-6500,OD-16694
R-6501,OD-16696
R-6502,OD-16701
R-6503,OD-16709
R-6504,OD-16722
R-6505,OD-16723
R-6506,OD-16725
R-6507,OD-16726
R-6508,OD-16727
R-6509,OD-16728
R-6510,OD-16729
R-6511,OD-16735
R-6512,OD-16744
R-6513,OD-16747
R-6514,OD-16749
R-6515,OD-16751
R-6516,OD-16754
R-6517,OD-16764
R-6518,OD-16771
R-6519,OD-16772
R-6520,OD-16780
R-6521,OD-16781
R-6522,OD-16808
R-6523,OD-16811
R-6524,OD-16813
R-6525,OD-16816
R-6526,OD-16817
R-6527,OD-16819
R-6528,OD-16825
R-6529,OD-16827
R-6530,OD-16828
R-6531,OD-16829
R-6532,OD-16830
R-6533,OD-16832
R-6534,OD-16840
R-6535,OD-16841
R-6536,OD-16844
R-6537,OD-16845
R-6538,OD-16850
R-6539,OD-16858
R-6540,OD-16866
R-6541,OD-16867
R-6542,OD-16873
R-6543,OD-16874
R-6544,OD-16876
R-6545,OD-16878
R-6546,OD-16880
R-6547,OD-16882
R-6548,OD-16883
R-6549,OD-16884
R-6550,OD-16892
R-6551,OD-16900
R-6552,OD-16901
R-6553,OD-16906
R-6554,OD-16913
R-6555,OD-16919
R-6556,OD-16920
R-6557,OD-16925
R-6558,OD-16927
R-6559,OD-16932
R-6560,OD-16935
R-6561,OD-16936
R-6562,OD-16937
R-6563,OD-16938
R-6564,OD-16940
R-6565,OD-16941
R-6566,OD-16943
R-6567,OD-16947
R-6568,OD-16950
R-6569,OD-16953
R-6570,OD-16959
R-6571,OD-16963
R-6572,OD-16964
R-6573,OD-16972
R-6574,OD-16980
R-6575,OD-16986
R-6576,OD-16992
R-6577,OD-17006
R-6578,OD-17012
R-6579,OD-17014
R-6580,OD-17024
R-6581,OD-17029
R-6582,OD-17030
R-6583,OD-17031
R-6584,OD-17032
R-6585,OD-17034
R-6586,OD-17036
R-6587,OD-17038
R-6588,OD-17039
R-6589,OD-17040
R-6590,OD-17043
R-6591,OD-17048
R-6592,OD-17049
R-6593,OD-17058
R-6594,OD-17059
R-6595,OD-17061
R-6596,OD-17068
R-6597,OD-17071
R-6598,OD-17073
R-6599,OD-17081
R-6600,OD-17089
R-6601,OD-17093
R-6602,OD-17096
R-6603,OD-17098
R-6604,OD-17099
R-6605,OD-17109
R-6606,OD-17110
R-6607,OD-17111
R-6608,OD-17113
R-6609,OD-17117
R-6610,OD-17124
R-6611,OD-17128
R-6612,OD-17129
R-6613,OD-17135
R-6614,OD-17136
R-6615,OD-17137
R-6616,OD-17138
R-6617,OD-17139
R-6618,OD-17146
R-6619,OD-17149
R-6620,OD-17160
R-6621,OD-17163
R-6622,OD-17169
R-6623,OD-17172
R-6624,OD-17181
R-6625,OD-17182
R-6626,OD-17191
R-6627,OD-17194
R-6628,OD-17204
R-6629,OD-17212
R-6630,OD-17214
R-6631,OD-17218
R-6632,OD-17230
R-6633,OD-17235
R-6634,OD-17236
R-6635,OD-17240
R-6636,OD-17243
R-6637,OD-17245
R-6638,OD-17246
R-6639,OD-17248
R-6640,OD-17256
R-6641,OD-17258
R-6642,OD-17259
R-6643,OD-17261
R-6644,OD-17264
R-6645,OD-17265
R-6646,OD-17276
R-6647,OD-17288
R-6648,OD-17290
R-6649,OD-17291
R-6650,OD-17292
R-6651,OD-17293
R-6652,OD-17298
R-6653,OD-17303
R-6654,OD-17313
R-6655,OD-17315
R-6656,OD-17318
R-6657,OD-17323
R-6658,OD-17326
R-6659,OD-17330
R-6660,OD-17334
R-6661,OD-17336
R-6662,OD-17345
R-6663,OD-17347
R-6664,OD-17350
R-6665,OD-17355
R-6666,OD-17357
R-6667,OD-17358
R-6668,OD-17362
R-6669,OD-17366
R-6670,OD-17371
R-6671,OD-17375
R-6672,OD-17379
R-6673,OD-17382
R-6674,OD-17394
R-6675,OD-17402
R-6676,OD-17409
R-6677,OD-17410
R-6678,OD-17411
R-6679,OD-17417
R-6680,OD-17421
R-6681,OD-17423
R-6682,OD-17431
R-6683,OD-17433
R-6684,OD-17434
R-6685,OD-17440
R-6686,OD-17441
R-6687,OD-17445
R-6688,OD-17448
R-6689,OD-17452
R-6690,OD-17456
R-6691,OD-17472
R-6692,OD-17489
R-6693,OD-17507
R-6694,OD-17508
R-6695,OD-17514
R-6696,OD-17517
R-6697,OD-17521
R-6698,OD-17524
R-6699,OD-17525
R-6700,OD-17526
R-6701,OD-17528
R-6702,OD-17531
R-6703,OD-17535
R-6704,OD-17537
R-6705,OD-17540
R-6706,OD-17544
R-6707,OD-17548
R-6708,OD-17549
R-6709,OD-17551
R-6710,OD-17552
R-6711,OD-17555
R-6712,OD-17556
R-6713,OD-17559
R-6714,OD-17561
R-6715,OD-17573
R-6716,OD-17581
R-6717,OD-17584
R-6718,OD-17586
R-6719,OD-17590
R-6720,OD-17595
R-6721,OD-17596
R-6722,OD-17604
R-6723,OD-17607
R-6724,OD-17609
R-6725,OD-17610
R-6726,OD-17612
R-6727,OD-17616
R-6728,OD-17623
R-6729,OD-17627
R-6730,OD-17637
R-6731,OD-17643
R-6732,OD-17651
R-6733,OD-17653
R-6734,OD-17654
R-6735,OD-17657
R-6736,OD-17659
R-6737,OD-17662
R-6738,OD-17679
R-6739,OD-17681
R-6740,OD-17685
R-6741,OD-17687
R-6742,OD-17688
R-6743,OD-17689
R-6744,OD-17690
R-6745,OD-17693
R-6746,OD-17694
R-6747,OD-17695
R-6748,OD-17697
R-6749,OD-17698
R-6750,OD-17702
R-6751,OD-17704
R-6752,OD-17706
R-6753,OD-17710
R-6754,OD-17715
R-6755,OD-17716
R-6756,OD-17718
R-6757,OD-17719
R-6758,OD-17721
R-6759,OD-17722
R-6760,OD-17723
R-6761,OD-17726
R-6762,OD-17728
R-6763,OD-17733
R-6764,OD-17734
R-6765,OD-17735
R-6766,OD-17738
R-6767,OD-17739
R-6768,OD-17740
R-6769,OD-17747
R-6770,OD-17750
R-6771,OD-17753
R-6772,OD-17755
R-6773,OD-17758
R-6774,OD-17760
R-6775,OD-17763
R-6776,OD-17768
R-6777,OD-17769
R-6778,OD-17775
R-6779,OD-17780
R-6780,OD-17781
R-6781,OD-17783
R-6782,OD-17785
R-6783,OD-17787
R-6784,OD-17795
R-6785,OD-17796
R-6786,OD-17800
R-6787,OD-17802
R-6788,OD-17803
R-6789,OD-17804
R-6790,OD-17808
R-6791,OD-17817
R-6792,OD-17819
R-6793,OD-17820
R-6794,OD-17822
R-6795,OD-17824
R-6796,OD-17825
R-6797,OD-17829
R-6798,OD-17831
R-6799,OD-17832
R-6800,OD-17833
R-6801,OD-17834
R-6802,OD-17839
R-6803,OD-17841
R-6804,OD-17848
R-6805,OD-17849
R-6806,OD-17858
R-6807,OD-17865
R-6808,OD-17870
R-6809,OD-17871
R-6810,OD-17887
R-6811,OD-17893
R-6812,OD-17897
R-6813,OD-17898
R-6814,OD-17903
R-6815,OD-17905
R-6816,OD-17910
R-6817,OD-17911
R-6818,OD-17913
R-6819,OD-17922
R-6820,OD-17923
R-6821,OD-17924
R-6822,OD-17931
R-6823,OD-17933
R-6824,OD-17934
R-6825,OD-17936
R-6826,OD-17940
R-6827,OD-17946
R-6828,OD-17950
R-6829,OD-17959
R-6830,OD-17961
R-6831,OD-17963
R-6832,OD-17965
R-6833,OD-17967
R-6834,OD-17977
R-6835,OD-17981
R-6836,OD-17983
R-6837,OD-17984
R-6838,OD-17986
R-6839,OD-17988
R-6840,OD-17990
R-6841,OD-17991
R-6842,OD-17993
R-6843,OD-18000
R-6844,OD-18002
R-6845,OD-18004
R-6846,OD-18005
R-6847,OD-18006
R-6848,OD-18007
R-6849,OD-18013
R-6850,OD-18016
R-6851,OD-18017
R-6852,OD-18019
R-6853,OD-18022
R-6854,OD-18026
R-6855,OD-18030
R-6856,OD-18033
R-6857,OD-18036
R-6858,OD-18040
R-6859,OD-18042
R-6860,OD-18045
R-6861,OD-18046
R-6862,OD-18048
R-6863,OD-18050
R-6864,OD-18054
R-6865,OD-18060
R-6866,OD-18063
R-6867,OD-18066
R-6868,OD-18067
R-6869,OD-18070
R-6870,OD-18071
R-6871,OD-18074
R-6872,OD-18075
R-6873,OD-18079
R-6874,OD-18082
R-6875,OD-18083
R-6876,OD-18084
R-6877,OD-18085
R-6878,OD-18086
R-6879,OD-18087
R-6880,OD-18088
R-6881,OD-18089
R-6882,OD-18098
R-6883,OD-18099
R-6884,OD-18103
R-6885,OD-18104
R-6886,OD-18106
R-6887,OD-18110
R-6888,OD-18111
R-6889,OD-18114
R-6890,OD-18118
R-6891,OD-18120
R-6892,OD-18124
R-6893,OD-18125
R-6894,OD-18128
R-6895,OD-18132
R-6896,OD-18135
R-6897,OD-18137
R-6898,OD-18141
R-6899,OD-18144
R-6900,OD-18147
R-6901,OD-18151
R-6902,OD-18152
R-6903,OD-18154
R-6904,OD-18158
R-6905,OD-18167
R-6906,OD-18169
R-6907,OD-18170
R-6908,OD-18178
R-6909,OD-18183
R-6910,OD-18184
R-6911,OD-18185
R-6912,OD-18186
R-6913,OD-18187
R-6914,OD-18199
R-6915,OD-18202
R-6916,OD-18203
R-6917,OD-18206
R-6918,OD-18207
R-6919,OD-18209
R-6920,OD-18215
R-6921,OD-18216
R-6922,OD-18226
R-6923,OD-18228
R-6924,OD-18236
R-6925,OD-18239
R-6926,OD-18242
R-6927,OD-18243
R-6928,OD-18246
R-6929,OD-18249
R-6930,OD-18254
R-6931,OD-18256
R-6932,OD-18257
R-6933,OD-18258
R-6934,OD-18262
R-6935,OD-18287
R-6936,OD-18290
R-6937,OD-18291
R-6938,OD-18292
R-6939,OD-18294
R-6940,OD-18298
R-6941,OD-18300
R-6942,OD-18307
R-6943,OD-18314
R-6944,OD-18320
R-6945,OD-18321
R-6946,OD-18332
R-6947,OD-18333
R-6948,OD-18335
R-6949,OD-18341
R-6950,OD-18346
R-6951,OD-18350
R-6952,OD-18353
R-6953,OD-18356
R-6954,OD-18357
R-6955,OD-18362
R-6956,OD-18365
R-6957,OD-18366
R-6958,OD-18370
R-6959,OD-18374
R-6960,OD-18376
R-6961,OD-18380
R-6962,OD-18387
R-6963,OD-18388
R-6964,OD-18392
R-6965,OD-18398
R-6966,OD-18405
R-6967,OD-18409
R-6968,OD-18411
R-6969,OD-18413
R-6970,OD-18414
R-6971,OD-18415
R-6972,OD-18418
R-6973,OD-18421
R-6974,OD-18423
R-6975,OD-18427
R-6976,OD-18433
R-6977,OD-18435
R-6978,OD-18436
R-6979,OD-18445
R-6980,OD-18449
R-6981,OD-18450
R-6982,OD-18457
R-6983,OD-18459
R-6984,OD-18463
R-6985,OD-18466
R-6986,OD-18467
R-6987,OD-18470
R-6988,OD-18476
R-6989,OD-18477
R-6990,OD-18483
R-6991,OD-18490
R-6992,OD-18491
R-6993,OD-18502
R-6994,OD-18503
R-6995,OD-18505
R-6996,OD-18508
R-6997,OD-18509
R-6998,OD-18510
R-6999,OD-18511
R-7000,OD-18512
R-7001,OD-18513
R-7002,OD-18514
R-7003,OD-18517
R-7004,OD-18521
R-7005,OD-18524
R-7006,OD-18532
R-7007,OD-18534
R-7008,OD-18536
R-7009,OD-18538
R-7010,OD-18539
R-7011,OD-18547
R-7012,OD-18555
R-7013,OD-18556
R-7014,OD-18558
R-7015,OD-18561
R-7016,OD-18566
R-7017,OD-18568
R-7018,OD-18569
R-7019,OD-18570
R-7020,OD-18573
R-7021,OD-18576
R-7022,OD-18583
R-7023,OD-18590
R-7024,OD-18596
R-7025,OD-18600
R-7026,OD-18603
R-7027,OD-18604
R-7028,OD-18606
R-7029,OD-18609
R-7030,OD-18611
R-7031,OD-18614
R-7032,OD-18616
R-7033,OD-18617
R-7034,OD-18620
R-7035,OD-18622
R-7036,OD-18624
R-7037,OD-18626
R-7038,OD-18629
R-7039,OD-18632
R-7040,OD-18633
R-7041,OD-18635
R-7042,OD-18637
R-7043,OD-18641
R-7044,OD-18650
R-7045,OD-18651
R-7046,OD-18654
R-7047,OD-18660
R-7048,OD-18661
R-7049,OD-18662
R-7050,OD-18666
R-7051,OD-18667
R-7052,OD-18675
R-7053,OD-18683
R-7054,OD-18684
R-7055,OD-18687
R-7056,OD-18690
R-7057,OD-18691
R-7058,OD-18693
R-7059,OD-18698
R-7060,OD-18700
R-7061,OD-18702
R-7062,OD-18704
R-7063,OD-18709
R-7064,OD-18712
R-7065,OD-18715
R-7066,OD-18716
R-7067,OD-18721
R-7068,OD-18724
R-7069,OD-18725
R-7070,OD-18729
R-7071,OD-18733
R-7072,OD-18734
R-7073,OD-18736
R-7074,OD-18737
R-7075,OD-18740
R-7076,OD-18741
R-7077,OD-18747
R-7078,OD-18749
R-7079,OD-18754
R-7080,OD-18756
R-7081,OD-18758
R-7082,OD-18776
R-7083,OD-18778
R-7084,OD-18781
R-7085,OD-18782
R-7086,OD-18784
R-7087,OD-18785
R-7088,OD-18786
R-7089,OD-18788
R-7090,OD-18789
R-7091,OD-18792
R-7092,OD-18795
R-7093,OD-18798
R-7094,OD-18799
R-7095,OD-18801
R-7096,OD-18804
R-7097,OD-18808
R-7098,OD-18811
R-7099,OD-18816
R-7100,OD-18818
R-7101,OD-18822
R-7102,OD-18823
R-7103,OD-18827
R-7104,OD-18828
R-7105,OD-18831
R-7106,OD-18832
R-7107,OD-18835
R-7108,OD-18836
R-7109,OD-18843
R-7110,OD-18846
R-7111,OD-18847
R-7112,OD-18850
R-7113,OD-18853
R-7114,OD-18862
R-7115,OD-18866
R-7116,OD-18869
R-7117,OD-18873
R-7118,OD-18875
R-7119,OD-18879
R-7120,OD-18880
R-7121,OD-18891
R-7122,OD-18893
R-7123,OD-18901
R-7124,OD-18902
R-7125,OD-18906
R-7126,OD-18915
R-7127,OD-18920
R-7128,OD-18926
R-7129,OD-18928
R-7130,OD-18932
R-7131,OD-18933
R-7132,OD-18935
R-7133,OD-18937
R-7134,OD-18943
R-7135,OD-18944
R-7136,OD-18948
R-7137,OD-18949
R-7138,OD-18970
R-7139,OD-18971
R-7140,OD-18976
R-7141,OD-18982
R-7142,OD-18988
R-7143,OD-18991
R-7144,OD-18992
R-7145,OD-18999
R-7146,OD-19003
R-7147,OD-19007
R-7148,OD-19011
R-7149,OD-19014
R-7150,OD-19015
R-7151,OD-19016
R-7152,OD-19022
R-7153,OD-19027
R-7154,OD-19028
R-7155,OD-19030
R-7156,OD-19036
R-7157,OD-19038
R-7158,OD-19043
R-7159,OD-19051
R-7160,OD-19056
R-7161,OD-19057
R-7162,OD-19062
R-7163,OD-19070
R-7164,OD-19073
R-7165,OD-19078
R-7166,OD-19082
R-7167,OD-19083
R-7168,OD-19088
R-7169,OD-19092
R-7170,OD-19096
R-7171,OD-19098
R-7172,OD-19103
R-7173,OD-19104
R-7174,OD-19106
R-7175,OD-19107
R-7176,OD-19109
R-7177,OD-19116
R-7178,OD-19119
R-7179,OD-19121
R-7180,OD-19126
R-7181,OD-19130
R-7182,OD-19136
R-7183,OD-19137
R-7184,OD-19138
R-7185,OD-19140
R-7186,OD-19142
R-7187,OD-19143
R-7188,OD-19157
R-7189,OD-19159
R-7190,OD-19160
R-7191,OD-19163
R-7192,OD-19165
R-7193,OD-19166
R-7194,OD-19167
R-7195,OD-19173
R-7196,OD-19182
R-7197,OD-19203
R-7198,OD-19206
R-7199,OD-19229
R-7200,OD-19230
R-7201,OD-19231
R-7202,OD-19237
R-7203,OD-19245
R-7204,OD-19251
R-7205,OD-19252
R-7206,OD-19254
R-7207,OD-19258
R-7208,OD-19260
R-7209,OD-19264
R-7210,OD-19266
R-7211,OD-19267
R-7212,OD-19268
R-7213,OD-19272
R-7214,OD-19274
R-7215,OD-19281
R-7216,OD-19289
R-7217,OD-19290
R-7218,OD-19308
R-7219,OD-19311
R-7220,OD-19312
R-7221,OD-19315
R-7222,OD-19316
R-7223,OD-19319
R-7224,OD-19324
R-7225,OD-19326
R-7226,OD-19332
R-7227,OD-19333
R-7228,OD-19338
R-7229,OD-19342
R-7230,OD-19347
R-7231,OD-19350
R-7232,OD-19351
R-7233,OD-19353
R-7234,OD-19357
R-7235,OD-19360
R-7236,OD-19361
R-7237,OD-19372
R-7238,OD-19377
R-7239,OD-19382
R-7240,OD-19383
R-7241,OD-19387
R-7242,OD-19397
R-7243,OD-19402
R-7244,OD-19403
R-7245,OD-19408
R-7246,OD-19411
R-7247,OD-19413
R-7248,OD-19414
R-7249,OD-19417
R-7250,OD-19418
R-7251,OD-19419
R-7252,OD-19420
R-7253,OD-19422
R-7254,OD-19425
R-7255,OD-19426
R-7256,OD-19434
R-7257,OD-19435
R-7258,OD-19443
R-7259,OD-19446
R-7260,OD-19450
R-7261,OD-19452
R-7262,OD-19454
R-7263,OD-19459
R-7264,OD-19463
R-7265,OD-19464
R-7266,OD-19466
R-7267,OD-19468
R-7268,OD-19469
R-7269,OD-19471
R-7270,OD-19479
R-7271,OD-19480
R-7272,OD-19481
R-7273,OD-19490
R-7274,OD-19494
R-7275,OD-19496
R-7276,OD-19498
R-7277,OD-19499
R-7278,OD-19503
R-7279,OD-19504
R-7280,OD-19505
R-7281,OD-19509
R-7282,OD-19514
R-7283,OD-19515
R-7284,OD-19530
R-7285,OD-19533
R-7286,OD-19534
R-7287,OD-19536
R-7288,OD-19542
R-7289,OD-19544
R-7290,OD-19546
R-7291,OD-19547
R-7292,OD-19550
R-7293,OD-19553
R-7294,OD-19564
R-7295,OD-19565
R-7296,OD-19569
R-7297,OD-19571
R-7298,OD-19572
R-7299,OD-19573
R-7300,OD-19577
R-7301,OD-19579
R-7302,OD-19582
R-7303,OD-19583
R-7304,OD-19584
R-7305,OD-19585
R-7306,OD-19589
R-7307,OD-19594
R-7308,OD-19598
R-7309,OD-19603
R-7310,OD-19604
R-7311,OD-19609
R-7312,OD-19614
R-7313,OD-19615
R-7314,OD-19616
R-7315,OD-19624
R-7316,OD-19628
R-7317,OD-19633
R-7318,OD-19634
R-7319,OD-19635
R-7320,OD-19643
R-7321,OD-19646
R-7322,OD-19648
R-7323,OD-19656
R-7324,OD-19657
R-7325,OD-19661
R-7326,OD-19670
R-7327,OD-19672
R-7328,OD-19673
R-7329,OD-19674
R-7330,OD-19676
R-7331,OD-19677
R-7332,OD-19679
R-7333,OD-19689
R-7334,OD-19690
R-7335,OD-19693
R-7336,OD-19697
R-7337,OD-19698
R-7338,OD-19700
R-7339,OD-19706
R-7340,OD-19709
R-7341,OD-19710
R-7342,OD-19714
R-7343,OD-19716
R-7344,OD-19719
R-7345,OD-19720
R-7346,OD-19726
R-7347,OD-19730
R-7348,OD-19731
R-7349,OD-19738
R-7350,OD-19742
R-7351,OD-19743
R-7352,OD-19744
R-7353,OD-19752
R-7354,OD-19756
R-7355,OD-19757
R-7356,OD-19758
R-7357,OD-19762
R-7358,OD-19763
R-7359,OD-19764
R-7360,OD-19769
R-7361,OD-19770
R-7362,OD-19773
R-7363,OD-19774
R-7364,OD-19777
R-7365,OD-19779
R-7366,OD-19781
R-7367,OD-19783
R-7368,OD-19785
R-7369,OD-19791
R-7370,OD-19792
R-7371,OD-19794
R-7372,OD-19796
R-7373,OD-19798
R-7374,OD-19799
R-7375,OD-19814
R-7376,OD-19815
R-7377,OD-19831
R-7378,OD-19837
R-7379,OD-19839
R-7380,OD-19841
R-7381,OD-19842
R-7382,OD-19855
R-7383,OD-19857
R-7384,OD-19858
R-7385,OD-19859
R-7386,OD-19860
R-7387,OD-19861
R-7388,OD-19866
R-7389,OD-19872
R-7390,OD-19874
R-7391,OD-19877
R-7392,OD-19878
R-7393,OD-19881
R-7394,OD-19884
R-7395,OD-19885
R-7396,OD-19886
R-7397,OD-19887
R-7398,OD-19888
R-7399,OD-19890
R-7400,OD-19891
R-7401,OD-19893
R-7402,OD-19894
R-7403,OD-19895
R-7404,OD-19896
R-7405,OD-19897
R-7406,OD-19901
R-7407,OD-19902
R-7408,OD-19905
R-7409,OD-19911
R-7410,OD-19913
R-7411,OD-19923
R-7412,OD-19925
R-7413,OD-19928
R-7414,OD-19932
R-7415,OD-19933
R-7416,OD-19936
R-7417,OD-19940
R-5057,OD-667
R-5058,OD-669
R-5059,OD-673
R-5060,OD-680
R-5061,OD-689
R-5062,OD-697
R-5063,OD-702
R-5064,OD-728
R-5065,OD-734
R-5066,OD-735
R-5067,OD-758
R-5068,OD-783
R-5069,OD-786
R-5070,OD-788
R-5071,OD-808
R-5072,OD-811
R-5073,OD-820
R-5074,OD-826
R-5075,OD-834
R-5076,OD-857
R-5077,OD-863
R-5078,OD-864
R-5079,OD-896
R-5080,OD-902
R-5081,OD-916
R-5082,OD-918
R-5083,OD-934
R-5084,OD-935
R-5085,OD-937
R-5086,OD-939
R-5087,OD-951
R-5088,OD-956
R-5089,OD-972
R-5090,OD-976
R-5091,OD-986
R-5092,OD-1012